{
  "layoutlmv3 (no is_key fix)": {
    "per_field": {
      "norm": {
        "menu.nm": {
          "f1": 0.938
        },
        "menu.price": {
          "f1": 0.97
        },
        "menu.cnt": {
          "f1": 0.97
        },
        "sub_total.subtotal_price": {
          "f1": 0.074
        },
        "total.total_price": {
          "f1": 0.01
        }
      },
      "exact": {
        "menu.nm": {
          "f1": 0.938
        },
        "menu.price": {
          "f1": 0.97
        },
        "menu.cnt": {
          "f1": 0.97
        },
        "sub_total.subtotal_price": {
          "f1": 0.074
        },
        "total.total_price": {
          "f1": 0.01
        }
      }
    },
    "micro": {
      "norm": {
        "f1": 0.787
      },
      "exact": {
        "f1": 0.787
      }
    },
    "line_item": {
      "norm": 0.878,
      "exact": 0.878
    },
    "checksum": {
      "consistency_rate": NaN,
      "mean_abs_error_pct": NaN
    }
  },
  "layoutlmv3 (alone)": {
    "per_field": {
      "exact": {
        "menu.nm": {
          "precision": 0.8540145985401459,
          "recall": 0.9322709163346613,
          "f1": 0.8914285714285715,
          "tp": 234,
          "pred": 274,
          "gold": 251
        },
        "menu.price": {
          "precision": 0.9457364341085271,
          "recall": 0.991869918699187,
          "f1": 0.9682539682539683,
          "tp": 244,
          "pred": 258,
          "gold": 246
        },
        "menu.cnt": {
          "precision": 0.9688888888888889,
          "recall": 0.990909090909091,
          "f1": 0.9797752808988764,
          "tp": 218,
          "pred": 225,
          "gold": 220
        },
        "sub_total.subtotal_price": {
          "precision": 0.8450704225352113,
          "recall": 0.9230769230769231,
          "f1": 0.8823529411764706,
          "tp": 60,
          "pred": 71,
          "gold": 65
        },
        "total.total_price": {
          "precision": 0.8712871287128713,
          "recall": 0.9263157894736842,
          "f1": 0.8979591836734693,
          "tp": 88,
          "pred": 101,
          "gold": 95
        }
      },
      "norm": {
        "menu.nm": {
          "precision": 0.8613138686131386,
          "recall": 0.9402390438247012,
          "f1": 0.899047619047619,
          "tp": 236,
          "pred": 274,
          "gold": 251
        },
        "menu.price": {
          "precision": 0.9457364341085271,
          "recall": 0.991869918699187,
          "f1": 0.9682539682539683,
          "tp": 244,
          "pred": 258,
          "gold": 246
        },
        "menu.cnt": {
          "precision": 0.9688888888888889,
          "recall": 0.990909090909091,
          "f1": 0.9797752808988764,
          "tp": 218,
          "pred": 225,
          "gold": 220
        },
        "sub_total.subtotal_price": {
          "precision": 0.8450704225352113,
          "recall": 0.9230769230769231,
          "f1": 0.8823529411764706,
          "tp": 60,
          "pred": 71,
          "gold": 65
        },
        "total.total_price": {
          "precision": 0.8712871287128713,
          "recall": 0.9263157894736842,
          "f1": 0.8979591836734693,
          "tp": 88,
          "pred": 101,
          "gold": 95
        }
      }
    },
    "micro": {
      "exact": {
        "precision": 0.9085037674919269,
        "recall": 0.9623717217787914,
        "f1": 0.9346622369878184
      },
      "norm": {
        "precision": 0.9106566200215285,
        "recall": 0.9646522234891676,
        "f1": 0.9368770764119602
      }
    },
    "line_item": {
      "exact": 0.8780487804878049,
      "norm": 0.8861788617886179
    },
    "checksum": {
      "consistency_rate": 0.5494505494505495,
      "mean_abs_error_pct": 0.05904880400601288,
      "n_defined": 91,
      "n_undefined": 9
    }
  },
  "donut (alone)": {
    "per_field": {
      "exact": {
        "menu.nm": {
          "precision": 0.7442748091603053,
          "recall": 0.7768924302788844,
          "f1": 0.7602339181286549,
          "tp": 195,
          "pred": 262,
          "gold": 251
        },
        "menu.price": {
          "precision": 0.8307692307692308,
          "recall": 0.8780487804878049,
          "f1": 0.8537549407114625,
          "tp": 216,
          "pred": 260,
          "gold": 246
        },
        "menu.cnt": {
          "precision": 0.9174311926605505,
          "recall": 0.9090909090909091,
          "f1": 0.9132420091324202,
          "tp": 200,
          "pred": 218,
          "gold": 220
        },
        "sub_total.subtotal_price": {
          "precision": 0.8939393939393939,
          "recall": 0.9076923076923077,
          "f1": 0.900763358778626,
          "tp": 59,
          "pred": 66,
          "gold": 65
        },
        "total.total_price": {
          "precision": 0.9072164948453608,
          "recall": 0.9263157894736842,
          "f1": 0.9166666666666665,
          "tp": 88,
          "pred": 97,
          "gold": 95
        }
      },
      "norm": {
        "menu.nm": {
          "precision": 0.7748091603053435,
          "recall": 0.8087649402390438,
          "f1": 0.7914230019493178,
          "tp": 203,
          "pred": 262,
          "gold": 251
        },
        "menu.price": {
          "precision": 0.8423076923076923,
          "recall": 0.8902439024390244,
          "f1": 0.865612648221344,
          "tp": 219,
          "pred": 260,
          "gold": 246
        },
        "menu.cnt": {
          "precision": 0.9724770642201835,
          "recall": 0.9636363636363636,
          "f1": 0.9680365296803652,
          "tp": 212,
          "pred": 218,
          "gold": 220
        },
        "sub_total.subtotal_price": {
          "precision": 0.8939393939393939,
          "recall": 0.9076923076923077,
          "f1": 0.900763358778626,
          "tp": 59,
          "pred": 66,
          "gold": 65
        },
        "total.total_price": {
          "precision": 0.9072164948453608,
          "recall": 0.9263157894736842,
          "f1": 0.9166666666666665,
          "tp": 88,
          "pred": 97,
          "gold": 95
        }
      }
    },
    "micro": {
      "exact": {
        "precision": 0.8394241417497231,
        "recall": 0.8643101482326112,
        "f1": 0.851685393258427
      },
      "norm": {
        "precision": 0.8648947951273532,
        "recall": 0.8905359179019384,
        "f1": 0.8775280898876404
      }
    },
    "line_item": {
      "exact": 0.6951219512195121,
      "norm": 0.7317073170731707
    },
    "checksum": {
      "consistency_rate": 0.5360824742268041,
      "mean_abs_error_pct": 226.90495540351054,
      "n_defined": 97,
      "n_undefined": 3
    }
  },
  "CHEF (ours)": {
    "per_field": {
      "exact": {
        "menu.nm": {
          "precision": 0.8540145985401459,
          "recall": 0.9322709163346613,
          "f1": 0.8914285714285715,
          "tp": 234,
          "pred": 274,
          "gold": 251
        },
        "menu.price": {
          "precision": 0.9457364341085271,
          "recall": 0.991869918699187,
          "f1": 0.9682539682539683,
          "tp": 244,
          "pred": 258,
          "gold": 246
        },
        "menu.cnt": {
          "precision": 0.9688888888888889,
          "recall": 0.990909090909091,
          "f1": 0.9797752808988764,
          "tp": 218,
          "pred": 225,
          "gold": 220
        },
        "sub_total.subtotal_price": {
          "precision": 0.8939393939393939,
          "recall": 0.9076923076923077,
          "f1": 0.900763358778626,
          "tp": 59,
          "pred": 66,
          "gold": 65
        },
        "total.total_price": {
          "precision": 0.9072164948453608,
          "recall": 0.9263157894736842,
          "f1": 0.9166666666666665,
          "tp": 88,
          "pred": 97,
          "gold": 95
        }
      },
      "norm": {
        "menu.nm": {
          "precision": 0.8613138686131386,