{
  "layoutlmv3": {
    "per_field": {
      "exact": {
        "menu.nm": {
          "precision": 0.9365079365079365,
          "recall": 0.9402390438247012,
          "f1": 0.9383697813121272,
          "tp": 236,
          "pred": 252,
          "gold": 251
        },
        "menu.price": {
          "precision": 0.9565217391304348,
          "recall": 0.983739837398374,
          "f1": 0.9699398797595191,
          "tp": 242,
          "pred": 253,
          "gold": 246
        },
        "menu.cnt": {
          "precision": 0.9769585253456221,
          "recall": 0.9636363636363636,
          "f1": 0.9702517162471396,
          "tp": 212,
          "pred": 217,
          "gold": 220
        },
        "sub_total.subtotal_price": {
          "precision": 0.07042253521126761,
          "recall": 0.07692307692307693,
          "f1": 0.07352941176470588,
          "tp": 5,
          "pred": 71,
          "gold": 65
        },
        "total.total_price": {
          "precision": 0.01020408163265306,
          "recall": 0.010526315789473684,
          "f1": 0.010362694300518133,
          "tp": 1,
          "pred": 98,
          "gold": 95
        }
      },
      "norm": {
        "menu.nm": {
          "precision": 0.9365079365079365,
          "recall": 0.9402390438247012,
          "f1": 0.9383697813121272,
          "tp": 236,
          "pred": 252,
          "gold": 251
        },
        "menu.price": {
          "precision": 0.9565217391304348,
          "recall": 0.983739837398374,
          "f1": 0.9699398797595191,
          "tp": 242,
          "pred": 253,
          "gold": 246
        },
        "menu.cnt": {
          "precision": 0.9769585253456221,
          "recall": 0.9636363636363636,
          "f1": 0.9702517162471396,
          "tp": 212,
          "pred": 217,
          "gold": 220
        },
        "sub_total.subtotal_price": {
          "precision": 0.07042253521126761,
          "recall": 0.07692307692307693,
          "f1": 0.07352941176470588,
          "tp": 5,
          "pred": 71,
          "gold": 65
        },
        "total.total_price": {
          "precision": 0.01020408163265306,
          "recall": 0.010526315789473684,
          "f1": 0.010362694300518133,
          "tp": 1,
          "pred": 98,
          "gold": 95
        }
      }
    },
    "micro": {
      "exact": {
        "precision": 0.7811447811447811,
        "recall": 0.7936145952109465,
        "f1": 0.7873303167420814
      },
      "norm": {
        "precision": 0.7811447811447811,
        "recall": 0.7936145952109465,
        "f1": 0.7873303167420814
      }
    },
    "line_item": {
      "exact": 0.8780487804878049,
      "norm": 0.8780487804878049
    }
  },
  "donut": {
    "per_field": {
      "exact": {
        "menu.nm": {
          "precision": 0.7442748091603053,
          "recall": 0.7768924302788844,
          "f1": 0.7602339181286549,
          "tp": 195,
          "pred": 262,
          "gold": 251
        },
        "menu.price": {
          "precision": 0.8307692307692308,
          "recall": 0.8780487804878049,
          "f1": 0.8537549407114625,
          "tp": 216,
          "pred": 260,
          "gold": 246
        },
        "menu.cnt": {
          "precision": 0.9174311926605505,
          "recall": 0.9090909090909091,
          "f1": 0.9132420091324202,
          "tp": 200,
          "pred": 218,
          "gold": 220
        },
        "sub_total.subtotal_price": {
          "precision": 0.8939393939393939,
          "recall": 0.9076923076923077,
          "f1": 0.900763358778626,
          "tp": 59,
          "pred": 66,
          "gold": 65
        },
        "total.total_price": {
          "precision": 0.9072164948453608,
          "recall": 0.9263157894736842,
          "f1": 0.9166666666666665,
          "tp": 88,
          "pred": 97,
          "gold": 95
        }
      },
      "norm": {
        "menu.nm": {
          "precision": 0.7748091603053435,
          "recall": 0.8087649402390438,
          "f1": 0.7914230019493178,
          "tp": 203,
          "pred": 262,
          "gold": 251
        },
        "menu.price": {
          "precision": 0.8423076923076923,
          "recall": 0.8902439024390244,
          "f1": 0.865612648221344,
          "tp": 219,
          "pred": 260,
          "gold": 246
        },
        "menu.cnt": {
          "precision": 0.9724770642201835,
          "recall": 0.9636363636363636,
          "f1": 0.9680365296803652,
          "tp": 212,
          "pred": 218,
          "gold": 220
        },
        "sub_total.subtotal_price": {
          "precision": 0.8939393939393939,
          "recall": 0.9076923076923077,
          "f1": 0.900763358778626,
          "tp": 59,
          "pred": 66,
          "gold": 65
        },
        "total.total_price": {
          "precision": 0.9072164948453608,
          "recall": 0.9263157894736842,
          "f1": 0.9166666666666665,
          "tp": 88,
          "pred": 97,
          "gold": 95
        }
      }
    },
    "micro": {
      "exact": {
        "precision": 0.8394241417497231,
        "recall": 0.8643101482326112,
        "f1": 0.851685393258427
      },
      "norm": {
        "precision": 0.8648947951273532,
        "recall": 0.8905359179019384,
        "f1": 0.8775280898876404
      }
    },
    "line_item": {
      "exact": 0.6951219512195121,
      "norm": 0.7317073170731707
    }
  }
}