{
  "layoutlmv3-tesseract": {
    "per_field": {
      "exact": {
        "menu.nm": {
          "precision": 0.3,
          "recall": 0.2868525896414343,
          "f1": 0.29327902240325865,
          "tp": 72,
          "pred": 240,
          "gold": 251
        },
        "menu.price": {
          "precision": 0.4537037037037037,
          "recall": 0.1991869918699187,
          "f1": 0.2768361581920904,
          "tp": 49,
          "pred": 108,
          "gold": 246
        },
        "menu.cnt": {
          "precision": 0.6464646464646465,
          "recall": 0.2909090909090909,
          "f1": 0.40125391849529785,
          "tp": 64,
          "pred": 99,
          "gold": 220
        },
        "sub_total.subtotal_price": {
          "precision": 0.37037037037037035,
          "recall": 0.15384615384615385,
          "f1": 0.2173913043478261,
          "tp": 10,
          "pred": 27,
          "gold": 65
        },
        "total.total_price": {
          "precision": 0.4444444444444444,
          "recall": 0.16842105263157894,
          "f1": 0.24427480916030533,
          "tp": 16,
          "pred": 36,
          "gold": 95
        }
      },
      "norm": {
        "menu.nm": {
          "precision": 0.31666666666666665,
          "recall": 0.30278884462151395,
          "f1": 0.30957230142566194,
          "tp": 76,
          "pred": 240,
          "gold": 251
        },
        "menu.price": {
          "precision": 0.4537037037037037,
          "recall": 0.1991869918699187,
          "f1": 0.2768361581920904,
          "tp": 49,
          "pred": 108,
          "gold": 246
        },
        "menu.cnt": {
          "precision": 0.6666666666666666,
          "recall": 0.3,
          "f1": 0.41379310344827586,
          "tp": 66,
          "pred": 99,
          "gold": 220
        },
        "sub_total.subtotal_price": {
          "precision": 0.37037037037037035,
          "recall": 0.15384615384615385,
          "f1": 0.2173913043478261,
          "tp": 10,
          "pred": 27,
          "gold": 65
        },
        "total.total_price": {
          "precision": 0.4722222222222222,
          "recall": 0.17894736842105263,
          "f1": 0.2595419847328244,
          "tp": 17,
          "pred": 36,
          "gold": 95
        }
      }
    },
    "micro": {
      "exact": {
        "precision": 0.4137254901960784,
        "recall": 0.24059293044469784,
        "f1": 0.304253785147801
      },
      "norm": {
        "precision": 0.42745098039215684,
        "recall": 0.24857468643101482,
        "f1": 0.3143475126171594
      }
    },
    "line_item": {
      "exact": 0.056910569105691054,
      "norm": 0.06097560975609756
    },
    "checksum": {
      "consistency_rate": 0.16,
      "mean_abs_error_pct": 358.16137994468147,
      "n_defined": 25,
      "n_undefined": 75
    }
  }
}